metric,state,species_1,survey_type,survey_type_effort,sampling_method,target_species_1,target_species_2,area_group,month_min,month_max,effort_min,water_temp_min,water_temp_max
adult_abundance,Illinois,black_crappie,Community Sample,,Boat electrofishing AC,,,,,,,,
adult_abundance,Illinois,black_crappie,Community Sample,,Boat electrofishing AC (Night),,,,,,,,
adult_abundance,Illinois,black_crappie,Community Sample,,Boat electrofishing DC -- Smith Root,,,,,,,,
adult_abundance,Illinois,black_crappie,Community Sample,,Boat electrofishing DC -- Smith Root (Night),,,,,,,,
adult_abundance,Illinois,black_crappie,Community Sample,,Boat electrofishing DC - Unspecified Manufacturer,,,,,,,,
adult_abundance,Illinois,black_crappie,Community Sample,,Boat electrofishing DC -- Wisconsin,,,,,,,,
adult_abundance,Illinois,black_crappie,Community Sample,,Boat electrofishing DC -- Wisconsin (Night),,,,,,,,
adult_abundance,Illinois,black_crappie,Community Sample,,Trap net 0.5 in bar mesh,,,,,,,,
adult_abundance,Illinois,black_crappie,Community Sample,,Trap net 1 in bar mesh,,,,,,,,
adult_abundance,Illinois,black_crappie,Community Sample,,Trap net 1.5 in bar mesh,,,,,,,,
adult_abundance,Illinois,black_crappie,Targeted Species,,Boat electrofishing AC,,,,,,,,
adult_abundance,Illinois,black_crappie,Targeted Species,,Boat electrofishing AC (Night),,,,,,,,
adult_abundance,Illinois,black_crappie,Targeted Species,,Boat electrofishing DC -- Smith Root,,,,,,,,
adult_abundance,Illinois,black_crappie,Targeted Species,,Boat electrofishing DC -- Smith Root (Night),,,,,,,,
adult_abundance,Illinois,black_crappie,Targeted Species,,Boat electrofishing DC - Unspecified Manufacturer,,,,,,,,
adult_abundance,Illinois,black_crappie,Targeted Species,,Boat electrofishing DC -- Wisconsin,,,,,,,,
adult_abundance,Illinois,black_crappie,Targeted Species,,Boat electrofishing DC -- Wisconsin (Night),,,,,,,,
adult_abundance,Illinois,black_crappie,Targeted Species,,Trap net 0.5 in bar mesh,,,,,,,,
adult_abundance,Illinois,black_crappie,Targeted Species,,Trap net 1 in bar mesh,,,,,,,,
adult_abundance,Illinois,black_crappie,Targeted Species,,Trap net 1.5 in bar mesh,,,,,,,,
adult_abundance,Illinois,bluegill,Community Sample,,Boat electrofishing AC,,,,,,,,
adult_abundance,Illinois,bluegill,Community Sample,,Boat electrofishing AC (Night),,,,,,,,
adult_abundance,Illinois,bluegill,Community Sample,,Boat electrofishing DC -- Smith Root,,,,,,,,
adult_abundance,Illinois,bluegill,Community Sample,,Boat electrofishing DC -- Smith Root (Night),,,,,,,,
adult_abundance,Illinois,bluegill,Community Sample,,Boat electrofishing DC - Unspecified Manufacturer,,,,,,,,
adult_abundance,Illinois,bluegill,Community Sample,,Boat electrofishing DC -- Wisconsin,,,,,,,,
adult_abundance,Illinois,bluegill,Community Sample,,Boat electrofishing DC -- Wisconsin (Night),,,,,,,,
adult_abundance,Illinois,bluegill,Community Sample,,Trap net 0.5 in bar mesh,,,,,,,,
adult_abundance,Illinois,bluegill,Community Sample,,Trap net 1 in bar mesh,,,,,,,,
adult_abundance,Illinois,bluegill,Community Sample,,Trap net 1.5 in bar mesh,,,,,,,,
adult_abundance,Illinois,bluegill,Targeted Species,,Boat electrofishing AC,,,,,,,,
adult_abundance,Illinois,bluegill,Targeted Species,,Boat electrofishing AC (Night),,,,,,,,
adult_abundance,Illinois,bluegill,Targeted Species,,Boat electrofishing DC -- Smith Root,,,,,,,,
adult_abundance,Illinois,bluegill,Targeted Species,,Boat electrofishing DC -- Smith Root (Night),,,,,,,,
adult_abundance,Illinois,bluegill,Targeted Species,,Boat electrofishing DC - Unspecified Manufacturer,,,,,,,,
adult_abundance,Illinois,bluegill,Targeted Species,,Boat electrofishing DC -- Wisconsin,,,,,,,,
adult_abundance,Illinois,bluegill,Targeted Species,,Boat electrofishing DC -- Wisconsin (Night),,,,,,,,
adult_abundance,Illinois,bluegill,Targeted Species,,Trap net 0.5 in bar mesh,,,,,,,,
adult_abundance,Illinois,bluegill,Targeted Species,,Trap net 1 in bar mesh,,,,,,,,
adult_abundance,Illinois,bluegill,Targeted Species,,Trap net 1.5 in bar mesh,,,,,,,,
adult_abundance,Illinois,largemouth_bass,Community Sample,,Boat electrofishing AC,,,,,,,,
adult_abundance,Illinois,largemouth_bass,Community Sample,,Boat electrofishing AC (Night),,,,,,,,
adult_abundance,Illinois,largemouth_bass,Community Sample,,Boat electrofishing DC -- Smith Root,,,,,,,,
adult_abundance,Illinois,largemouth_bass,Community Sample,,Boat electrofishing DC -- Smith Root (Night),,,,,,,,
adult_abundance,Illinois,largemouth_bass,Community Sample,,Boat electrofishing DC - Unspecified Manufacturer,,,,,,,,
adult_abundance,Illinois,largemouth_bass,Community Sample,,Boat electrofishing DC -- Wisconsin,,,,,,,,
adult_abundance,Illinois,largemouth_bass,Community Sample,,Boat electrofishing DC -- Wisconsin (Night),,,,,,,,
adult_abundance,Illinois,largemouth_bass,Community Sample,,Trap net 0.5 in bar mesh,,,,,,,,
adult_abundance,Illinois,largemouth_bass,Community Sample,,Trap net 1 in bar mesh,,,,,,,,
adult_abundance,Illinois,largemouth_bass,Community Sample,,Trap net 1.5 in bar mesh,,,,,,,,
adult_abundance,Illinois,largemouth_bass,Targeted Species,,Boat electrofishing AC,,,,,,,,
adult_abundance,Illinois,largemouth_bass,Targeted Species,,Boat electrofishing AC (Night),,,,,,,,
adult_abundance,Illinois,largemouth_bass,Targeted Species,,Boat electrofishing DC -- Smith Root,,,,,,,,
adult_abundance,Illinois,largemouth_bass,Targeted Species,,Boat electrofishing DC -- Smith Root (Night),,,,,,,,
adult_abundance,Illinois,largemouth_bass,Targeted Species,,Boat electrofishing DC - Unspecified Manufacturer,,,,,,,,
adult_abundance,Illinois,largemouth_bass,Targeted Species,,Boat electrofishing DC -- Wisconsin,,,,,,,,
adult_abundance,Illinois,largemouth_bass,Targeted Species,,Boat electrofishing DC -- Wisconsin (Night),,,,,,,,
adult_abundance,Illinois,largemouth_bass,Targeted Species,,Trap net 0.5 in bar mesh,,,,,,,,
adult_abundance,Illinois,largemouth_bass,Targeted Species,,Trap net 1 in bar mesh,,,,,,,,
adult_abundance,Illinois,largemouth_bass,Targeted Species,,Trap net 1.5 in bar mesh,,,,,,,,
adult_abundance,Illinois,northern_pike,Community Sample,,Boat electrofishing AC,,,,,,,,
adult_abundance,Illinois,northern_pike,Community Sample,,Boat electrofishing AC (Night),,,,,,,,
adult_abundance,Illinois,northern_pike,Community Sample,,Boat electrofishing DC -- Smith Root,,,,,,,,
adult_abundance,Illinois,northern_pike,Community Sample,,Boat electrofishing DC -- Smith Root (Night),,,,,,,,
adult_abundance,Illinois,northern_pike,Community Sample,,Boat electrofishing DC - Unspecified Manufacturer,,,,,,,,
adult_abundance,Illinois,northern_pike,Community Sample,,Boat electrofishing DC -- Wisconsin,,,,,,,,
adult_abundance,Indiana,black_crappie,,,gill_net,,,,,,,,
adult_abundance,Indiana,black_crappie,,,trap_net,,,,,,,,
adult_abundance,Indiana,bluegill,,,gill_net,,,,,,,,
adult_abundance,Indiana,bluegill,,,trap_net,,,,,,,,
adult_abundance,Indiana,bluegill,,,electrofishing,,,,,,,,
adult_abundance,Indiana,cisco,,,gill_net,,,,,,,,
adult_abundance,Indiana,largemouth_bass,,,electrofishing,,,,,,,,
adult_abundance,Indiana,largemouth_bass,,,trap_net,,,,,,,,
adult_abundance,Indiana,northern_pike,,,gill_net,,,,,,,,
adult_abundance,Indiana,smallmouth_bass,,,electrofishing,,,,,,,,
adult_abundance,Indiana,walleye,,,electrofishing,,,,,,,,
adult_abundance,Indiana,walleye,,,gill_net,,,,,,,,
adult_abundance,Indiana,yellow_perch,,,electrofishing,,,,,,,,
adult_abundance,Indiana,yellow_perch,,,gill_net,,,,,,,,
adult_abundance,Iowa,black_crappie,,,EFishing,,,,,,,,
adult_abundance,Iowa,black_crappie,,,Fyke Netting,,,,,,,,
adult_abundance,Iowa,black_crappie,,,Hoop Netting,,,,,,,,
adult_abundance,Iowa,bluegill,,,EFishing,,,,,,,,
adult_abundance,Iowa,bluegill,,,Fyke Netting,,,,,,,,
adult_abundance,Iowa,bluegill,,,Hoop Netting,,,,,,,,
adult_abundance,Iowa,largemouth_bass,,,EFishing,,,,,,,,
adult_abundance,Iowa,largemouth_bass,,,Fyke Netting,,,,,,,,
adult_abundance,Iowa,northern_pike,,,EFishing,,,,,,,,
adult_abundance,Iowa,northern_pike,,,Fyke Netting,,,,,,,,
adult_abundance,Iowa,northern_pike,,,Hoop Netting,,,,,,,,
adult_abundance,Iowa,northern_pike,,,Gill Netting,,,,,,,,
adult_abundance,Iowa,smallmouth_bass,,,EFishing,,,,,,,,
adult_abundance,Iowa,walleye,,,EFishing,,,,,,,,
adult_abundance,Iowa,walleye,,,Fyke Netting,,,,,,,,
adult_abundance,Iowa,yellow_perch,,,EFishing,,,,,,,,
adult_abundance,Iowa,yellow_perch,,,Fyke Netting,,,,,,,,
adult_abundance,Michigan,black_crappie,Status & Trends,,large_mesh_fyke_net,,,,,,2,,
adult_abundance,Michigan,black_crappie,Status & Trends,,trap_net,,,,,,2,,
adult_abundance,Michigan,black_crappie,Status & Trends,,inland_gill_net,,,,,,2,,
adult_abundance,Michigan,black_crappie,Status & Trends,,boomshocking,,,,,,30,,
adult_abundance,Michigan,bluegill,Status & Trends,,large_mesh_fyke_net,,,,,,2,,
adult_abundance,Michigan,bluegill,Status & Trends,,trap_net,,,,,,2,,
adult_abundance,Michigan,bluegill,Status & Trends,,inland_gill_net,,,,,,2,,
adult_abundance,Michigan,bluegill,Status & Trends,,boomshocking,,,,,,30,,
adult_abundance,Michigan,largemouth_bass,Status & Trends,,large_mesh_fyke_net,,,,,,2,,
adult_abundance,Michigan,largemouth_bass,Status & Trends,,trap_net,,,,,,2,,
adult_abundance,Michigan,largemouth_bass,Status & Trends,,boomshocking,,,,,,30,,
adult_abundance,Michigan,northern_pike,Status & Trends,,large_mesh_fyke_net,,,,,,2,,
adult_abundance,Michigan,northern_pike,Status & Trends,,trap_net,,,,,,2,,
adult_abundance,Michigan,northern_pike,Status & Trends,,inland_gill_net,,,,,,2,,
adult_abundance,Michigan,northern_pike,Status & Trends,,boomshocking,,,,,,30,,
adult_abundance,Michigan,smallmouth_bass,Status & Trends,,large_mesh_fyke_net,,,,,,2,,
adult_abundance,Michigan,smallmouth_bass,Status & Trends,,trap_net,,,,,,2,,
adult_abundance,Michigan,smallmouth_bass,Status & Trends,,boomshocking,,,,,,30,,
adult_abundance,Michigan,walleye,Status & Trends,,large_mesh_fyke_net,,,,,,2,,
adult_abundance,Michigan,walleye,Status & Trends,,trap_net,,,,,,2,,
adult_abundance,Michigan,walleye,Status & Trends,,inland_gill_net,,,,,,2,,
adult_abundance,Michigan,walleye,Status & Trends,,boomshocking,,,,,,30,,
adult_abundance,Michigan,yellow_perch,Status & Trends,,large_mesh_fyke_net,,,,,,2,,
adult_abundance,Michigan,yellow_perch,Status & Trends,,trap_net,,,,,,2,,
adult_abundance,Michigan,yellow_perch,Status & Trends,,boomshocking,,,,,,30,,
adult_abundance,Michigan,yellow_perch,Status & Trends,,inland_gill_net,,,,,,2,,
adult_abundance,Michigan,cisco,Status & Trends,,inland_gill_net,,,,,,2,,
adult_abundance,Minnesota,black_crappie,HISTORICAL,,"Standard 3/4-in mesh, double frame trap net sets",,,<100,6,10,4,,
adult_abundance,Minnesota,black_crappie,HISTORICAL,,"Standard 3/4-in mesh, double frame trap net sets",,,100-300,6,10,4,,
adult_abundance,Minnesota,black_crappie,HISTORICAL,,"Standard 3/4-in mesh, double frame trap net sets",,,1501+,6,10,4,,
adult_abundance,Minnesota,black_crappie,HISTORICAL,,"Standard 3/4-in mesh, double frame trap net sets",,,301-600,6,10,4,,
adult_abundance,Minnesota,black_crappie,HISTORICAL,,"Standard 3/4-in mesh, double frame trap net sets",,,601-1500,6,10,4,,
adult_abundance,Minnesota,black_crappie,Large Lake Survey,,"Standard 3/4-in mesh, double frame trap net sets",,,<100,6,10,4,,
adult_abundance,Minnesota,black_crappie,Large Lake Survey,,"Standard 3/4-in mesh, double frame trap net sets",,,100-300,6,10,4,,
adult_abundance,Minnesota,black_crappie,Large Lake Survey,,"Standard 3/4-in mesh, double frame trap net sets",,,1501+,6,10,4,,
adult_abundance,Minnesota,black_crappie,Large Lake Survey,,"Standard 3/4-in mesh, double frame trap net sets",,,301-600,6,10,4,,
adult_abundance,Minnesota,black_crappie,Large Lake Survey,,"Standard 3/4-in mesh, double frame trap net sets",,,601-1500,6,10,4,,
adult_abundance,Minnesota,black_crappie,Population Assessment,,"Standard 3/4-in mesh, double frame trap net sets",,,<100,6,10,4,,
adult_abundance,Minnesota,black_crappie,Population Assessment,,"Standard 3/4-in mesh, double frame trap net sets",,,100-300,6,10,4,,
adult_abundance,Minnesota,black_crappie,Population Assessment,,"Standard 3/4-in mesh, double frame trap net sets",,,1501+,6,10,4,,
adult_abundance,Minnesota,black_crappie,Population Assessment,,"Standard 3/4-in mesh, double frame trap net sets",,,301-600,6,10,4,,
adult_abundance,Minnesota,black_crappie,Population Assessment,,"Standard 3/4-in mesh, double frame trap net sets",,,601-1500,6,10,4,,
adult_abundance,Minnesota,black_crappie,Standard Survey,,"Standard 3/4-in mesh, double frame trap net sets",,,<100,6,10,4,,
adult_abundance,Minnesota,black_crappie,Standard Survey,,"Standard 3/4-in mesh, double frame trap net sets",,,100-300,6,10,4,,
adult_abundance,Minnesota,black_crappie,Standard Survey,,"Standard 3/4-in mesh, double frame trap net sets",,,1501+,6,10,4,,
adult_abundance,Minnesota,black_crappie,Standard Survey,,"Standard 3/4-in mesh, double frame trap net sets",,,301-600,6,10,4,,
adult_abundance,Minnesota,black_crappie,Standard Survey,,"Standard 3/4-in mesh, double frame trap net sets",,,601-1500,6,10,4,,
adult_abundance,Minnesota,black_crappie,HISTORICAL,,Standard gill net sets,,,<100,6,10,2,,
adult_abundance,Minnesota,black_crappie,HISTORICAL,,Standard gill net sets,,,100-300,6,10,3,,
adult_abundance,Minnesota,black_crappie,HISTORICAL,,Standard gill net sets,,,1501+,6,10,5,,
adult_abundance,Minnesota,black_crappie,HISTORICAL,,Standard gill net sets,,,301-600,6,10,3,,
adult_abundance,Minnesota,black_crappie,HISTORICAL,,Standard gill net sets,,,601-1500,6,10,3,,
adult_abundance,Minnesota,black_crappie,Large Lake Survey,,Standard gill net sets,,,<100,6,10,2,,
adult_abundance,Minnesota,black_crappie,Large Lake Survey,,Standard gill net sets,,,100-300,6,10,3,,
adult_abundance,Minnesota,black_crappie,Large Lake Survey,,Standard gill net sets,,,1501+,6,10,5,,
adult_abundance,Minnesota,black_crappie,Large Lake Survey,,Standard gill net sets,,,301-600,6,10,3,,
adult_abundance,Minnesota,black_crappie,Large Lake Survey,,Standard gill net sets,,,601-1500,6,10,3,,
adult_abundance,Minnesota,black_crappie,Population Assessment,,Standard gill net sets,,,<100,6,10,2,,
adult_abundance,Minnesota,black_crappie,Population Assessment,,Standard gill net sets,,,100-300,6,10,3,,
adult_abundance,Minnesota,black_crappie,Population Assessment,,Standard gill net sets,,,1501+,6,10,5,,
adult_abundance,Minnesota,black_crappie,Population Assessment,,Standard gill net sets,,,301-600,6,10,3,,
adult_abundance,Minnesota,black_crappie,Population Assessment,,Standard gill net sets,,,601-1500,6,10,3,,
adult_abundance,Minnesota,black_crappie,Standard Survey,,Standard gill net sets,,,<100,6,10,2,,
adult_abundance,Minnesota,black_crappie,Standard Survey,,Standard gill net sets,,,100-300,6,10,3,,
adult_abundance,Minnesota,black_crappie,Standard Survey,,Standard gill net sets,,,1501+,6,10,5,,
adult_abundance,Minnesota,black_crappie,Standard Survey,,Standard gill net sets,,,301-600,6,10,3,,
adult_abundance,Minnesota,black_crappie,Standard Survey,,Standard gill net sets,,,601-1500,6,10,3,,
adult_abundance,Minnesota,black_crappie,Targeted Survey,,Standard gill net sets,,,<100,6,10,2,,
adult_abundance,Minnesota,black_crappie,Targeted Survey,,Standard gill net sets,,,100-300,6,10,3,,
adult_abundance,Minnesota,black_crappie,Targeted Survey,,Standard gill net sets,,,1501+,6,10,5,,
adult_abundance,Minnesota,black_crappie,Targeted Survey,,Standard gill net sets,,,301-600,6,10,3,,
adult_abundance,Minnesota,black_crappie,Targeted Survey,,Standard gill net sets,,,601-1500,6,10,3,,
adult_abundance,Minnesota,black_crappie,HISTORICAL,,"Standard gill nets, set shallow in stratified assessment",,,<100,6,10,2,,
adult_abundance,Minnesota,black_crappie,HISTORICAL,,"Standard gill nets, set shallow in stratified assessment",,,100-300,6,10,3,,
adult_abundance,Minnesota,black_crappie,HISTORICAL,,"Standard gill nets, set shallow in stratified assessment",,,1501+,6,10,5,,
adult_abundance,Minnesota,black_crappie,HISTORICAL,,"Standard gill nets, set shallow in stratified assessment",,,301-600,6,10,3,,
adult_abundance,Minnesota,black_crappie,HISTORICAL,,"Standard gill nets, set shallow in stratified assessment",,,601-1500,6,10,3,,
adult_abundance,Minnesota,black_crappie,Large Lake Survey,,"Standard gill nets, set shallow in stratified assessment",,,<100,6,10,2,,
adult_abundance,Minnesota,black_crappie,Large Lake Survey,,"Standard gill nets, set shallow in stratified assessment",,,100-300,6,10,3,,
adult_abundance,Minnesota,black_crappie,Large Lake Survey,,"Standard gill nets, set shallow in stratified assessment",,,1501+,6,10,5,,
adult_abundance,Minnesota,black_crappie,Large Lake Survey,,"Standard gill nets, set shallow in stratified assessment",,,301-600,6,10,3,,
adult_abundance,Minnesota,black_crappie,Large Lake Survey,,"Standard gill nets, set shallow in stratified assessment",,,601-1500,6,10,3,,
adult_abundance,Minnesota,black_crappie,Population Assessment,,"Standard gill nets, set shallow in stratified assessment",,,<100,6,10,2,,
adult_abundance,Minnesota,black_crappie,Population Assessment,,"Standard gill nets, set shallow in stratified assessment",,,100-300,6,10,3,,
adult_abundance,Minnesota,black_crappie,Population Assessment,,"Standard gill nets, set shallow in stratified assessment",,,1501+,6,10,5,,
adult_abundance,Minnesota,black_crappie,Population Assessment,,"Standard gill nets, set shallow in stratified assessment",,,301-600,6,10,3,,
adult_abundance,Minnesota,black_crappie,Population Assessment,,"Standard gill nets, set shallow in stratified assessment",,,601-1500,6,10,3,,
adult_abundance,Minnesota,black_crappie,Standard Survey,,"Standard gill nets, set shallow in stratified assessment",,,<100,6,10,2,,
adult_abundance,Minnesota,black_crappie,Standard Survey,,"Standard gill nets, set shallow in stratified assessment",,,100-300,6,10,3,,
adult_abundance,Minnesota,black_crappie,Standard Survey,,"Standard gill nets, set shallow in stratified assessment",,,1501+,6,10,5,,
adult_abundance,Minnesota,black_crappie,Standard Survey,,"Standard gill nets, set shallow in stratified assessment",,,301-600,6,10,3,,
adult_abundance,Minnesota,black_crappie,Standard Survey,,"Standard gill nets, set shallow in stratified assessment",,,601-1500,6,10,3,,
adult_abundance,Minnesota,bluegill,HISTORICAL,,"Standard 3/4-in mesh, double frame trap net sets",,,<100,6,10,4,,
adult_abundance,Minnesota,bluegill,HISTORICAL,,"Standard 3/4-in mesh, double frame trap net sets",,,100-300,6,10,4,,
adult_abundance,Minnesota,bluegill,HISTORICAL,,"Standard 3/4-in mesh, double frame trap net sets",,,1501+,6,10,4,,
adult_abundance,Minnesota,bluegill,HISTORICAL,,"Standard 3/4-in mesh, double frame trap net sets",,,301-600,6,10,4,,
adult_abundance,Minnesota,bluegill,HISTORICAL,,"Standard 3/4-in mesh, double frame trap net sets",,,601-1500,6,10,4,,
adult_abundance,Minnesota,bluegill,Large Lake Survey,,"Standard 3/4-in mesh, double frame trap net sets",,,<100,6,10,4,,
adult_abundance,Minnesota,bluegill,Large Lake Survey,,"Standard 3/4-in mesh, double frame trap net sets",,,100-300,6,10,4,,
adult_abundance,Minnesota,bluegill,Large Lake Survey,,"Standard 3/4-in mesh, double frame trap net sets",,,1501+,6,10,4,,
adult_abundance,Minnesota,bluegill,Large Lake Survey,,"Standard 3/4-in mesh, double frame trap net sets",,,301-600,6,10,4,,
adult_abundance,Minnesota,bluegill,Large Lake Survey,,"Standard 3/4-in mesh, double frame trap net sets",,,601-1500,6,10,4,,
adult_abundance,Minnesota,bluegill,Population Assessment,,"Standard 3/4-in mesh, double frame trap net sets",,,<100,6,10,4,,
adult_abundance,Minnesota,bluegill,Population Assessment,,"Standard 3/4-in mesh, double frame trap net sets",,,100-300,6,10,4,,
adult_abundance,Minnesota,bluegill,Population Assessment,,"Standard 3/4-in mesh, double frame trap net sets",,,1501+,6,10,4,,
adult_abundance,Minnesota,bluegill,Population Assessment,,"Standard 3/4-in mesh, double frame trap net sets",,,301-600,6,10,4,,
adult_abundance,Minnesota,bluegill,Population Assessment,,"Standard 3/4-in mesh, double frame trap net sets",,,601-1500,6,10,4,,
adult_abundance,Minnesota,bluegill,Standard Survey,,"Standard 3/4-in mesh, double frame trap net sets",,,<100,6,10,4,,
adult_abundance,Minnesota,bluegill,Standard Survey,,"Standard 3/4-in mesh, double frame trap net sets",,,100-300,6,10,4,,
adult_abundance,Minnesota,bluegill,Standard Survey,,"Standard 3/4-in mesh, double frame trap net sets",,,1501+,6,10,4,,
adult_abundance,Minnesota,bluegill,Standard Survey,,"Standard 3/4-in mesh, double frame trap net sets",,,301-600,6,10,4,,
adult_abundance,Minnesota,bluegill,Standard Survey,,"Standard 3/4-in mesh, double frame trap net sets",,,601-1500,6,10,4,,
adult_abundance,Minnesota,bluegill,HISTORICAL,,Standard gill net sets,,,<100,6,10,2,,
adult_abundance,Minnesota,bluegill,HISTORICAL,,Standard gill net sets,,,100-300,6,10,3,,
adult_abundance,Minnesota,bluegill,HISTORICAL,,Standard gill net sets,,,1501+,6,10,5,,
adult_abundance,Minnesota,bluegill,HISTORICAL,,Standard gill net sets,,,301-600,6,10,3,,
adult_abundance,Minnesota,bluegill,HISTORICAL,,Standard gill net sets,,,601-1500,6,10,3,,
adult_abundance,Minnesota,bluegill,Large Lake Survey,,Standard gill net sets,,,<100,6,10,2,,
adult_abundance,Minnesota,bluegill,Large Lake Survey,,Standard gill net sets,,,100-300,6,10,3,,
adult_abundance,Minnesota,bluegill,Large Lake Survey,,Standard gill net sets,,,1501+,6,10,5,,
adult_abundance,Minnesota,bluegill,Large Lake Survey,,Standard gill net sets,,,301-600,6,10,3,,
adult_abundance,Minnesota,bluegill,Large Lake Survey,,Standard gill net sets,,,601-1500,6,10,3,,
adult_abundance,Minnesota,bluegill,Population Assessment,,Standard gill net sets,,,100-300,6,10,3,,
adult_abundance,Minnesota,bluegill,Population Assessment,,Standard gill net sets,,,1501+,6,10,5,,
adult_abundance,Minnesota,bluegill,Population Assessment,,Standard gill net sets,,,301-600,6,10,3,,
adult_abundance,Minnesota,bluegill,Population Assessment,,Standard gill net sets,,,601-1500,6,10,3,,
adult_abundance,Minnesota,bluegill,Population Assessment,,Standard gill net sets,,,<100,6,10,2,,
adult_abundance,Minnesota,bluegill,Standard Survey,,Standard gill net sets,,,<100,6,10,2,,
adult_abundance,Minnesota,bluegill,Standard Survey,,Standard gill net sets,,,100-300,6,10,3,,
adult_abundance,Minnesota,bluegill,Standard Survey,,Standard gill net sets,,,1501+,6,10,5,,
adult_abundance,Minnesota,bluegill,Standard Survey,,Standard gill net sets,,,301-600,6,10,3,,
adult_abundance,Minnesota,bluegill,Standard Survey,,Standard gill net sets,,,601-1500,6,10,3,,
adult_abundance,Minnesota,bluegill,HISTORICAL,,"Standard gill nets, set shallow in stratified assessment",,,<100,6,10,2,,
adult_abundance,Minnesota,bluegill,HISTORICAL,,"Standard gill nets, set shallow in stratified assessment",,,100-300,6,10,3,,
adult_abundance,Minnesota,bluegill,HISTORICAL,,"Standard gill nets, set shallow in stratified assessment",,,1501+,6,10,5,,
adult_abundance,Minnesota,bluegill,HISTORICAL,,"Standard gill nets, set shallow in stratified assessment",,,301-600,6,10,3,,
adult_abundance,Minnesota,bluegill,HISTORICAL,,"Standard gill nets, set shallow in stratified assessment",,,601-1500,6,10,3,,
adult_abundance,Minnesota,bluegill,Large Lake Survey,,"Standard gill nets, set shallow in stratified assessment",,,<100,6,10,2,,
adult_abundance,Minnesota,bluegill,Large Lake Survey,,"Standard gill nets, set shallow in stratified assessment",,,100-300,6,10,3,,
adult_abundance,Minnesota,bluegill,Large Lake Survey,,"Standard gill nets, set shallow in stratified assessment",,,1501+,6,10,5,,
adult_abundance,Minnesota,bluegill,Large Lake Survey,,"Standard gill nets, set shallow in stratified assessment",,,301-600,6,10,3,,
adult_abundance,Minnesota,bluegill,Large Lake Survey,,"Standard gill nets, set shallow in stratified assessment",,,601-1500,6,10,3,,
adult_abundance,Minnesota,bluegill,Population Assessment,,"Standard gill nets, set shallow in stratified assessment",,,<100,6,10,2,,
adult_abundance,Minnesota,bluegill,Population Assessment,,"Standard gill nets, set shallow in stratified assessment",,,100-300,6,10,3,,
adult_abundance,Minnesota,bluegill,Population Assessment,,"Standard gill nets, set shallow in stratified assessment",,,1501+,6,10,5,,
adult_abundance,Minnesota,bluegill,Population Assessment,,"Standard gill nets, set shallow in stratified assessment",,,301-600,6,10,3,,
adult_abundance,Minnesota,bluegill,Population Assessment,,"Standard gill nets, set shallow in stratified assessment",,,601-1500,6,10,3,,
adult_abundance,Minnesota,bluegill,Standard Survey,,"Standard gill nets, set shallow in stratified assessment",,,<100,6,10,2,,
adult_abundance,Minnesota,bluegill,Standard Survey,,"Standard gill nets, set shallow in stratified assessment",,,100-300,6,10,3,,
adult_abundance,Minnesota,bluegill,Standard Survey,,"Standard gill nets, set shallow in stratified assessment",,,1501+,6,10,5,,
adult_abundance,Minnesota,bluegill,Standard Survey,,"Standard gill nets, set shallow in stratified assessment",,,301-600,6,10,3,,
adult_abundance,Minnesota,bluegill,Standard Survey,,"Standard gill nets, set shallow in stratified assessment",,,601-1500,6,10,3,,
adult_abundance,Minnesota,cisco,HISTORICAL,,"Standard 3/4-in mesh, double frame trap net sets",,,<100,6,10,4,,
adult_abundance,Minnesota,cisco,HISTORICAL,,"Standard 3/4-in mesh, double frame trap net sets",,,100-300,6,10,4,,
adult_abundance,Minnesota,cisco,HISTORICAL,,"Standard 3/4-in mesh, double frame trap net sets",,,1501+,6,10,4,,
adult_abundance,Minnesota,cisco,HISTORICAL,,"Standard 3/4-in mesh, double frame trap net sets",,,301-600,6,10,4,,
adult_abundance,Minnesota,cisco,HISTORICAL,,"Standard 3/4-in mesh, double frame trap net sets",,,601-1500,6,10,4,,
adult_abundance,Minnesota,cisco,Large Lake Survey,,"Standard 3/4-in mesh, double frame trap net sets",,,<100,6,10,4,,
adult_abundance,Minnesota,cisco,Large Lake Survey,,"Standard 3/4-in mesh, double frame trap net sets",,,100-300,6,10,4,,
adult_abundance,Minnesota,cisco,Large Lake Survey,,"Standard 3/4-in mesh, double frame trap net sets",,,1501+,6,10,4,,
adult_abundance,Minnesota,cisco,Large Lake Survey,,"Standard 3/4-in mesh, double frame trap net sets",,,301-600,6,10,4,,
adult_abundance,Minnesota,cisco,Large Lake Survey,,"Standard 3/4-in mesh, double frame trap net sets",,,601-1500,6,10,4,,
adult_abundance,Minnesota,cisco,Population Assessment,,"Standard 3/4-in mesh, double frame trap net sets",,,<100,6,10,4,,
adult_abundance,Minnesota,cisco,Population Assessment,,"Standard 3/4-in mesh, double frame trap net sets",,,100-300,6,10,4,,
adult_abundance,Minnesota,cisco,Population Assessment,,"Standard 3/4-in mesh, double frame trap net sets",,,1501+,6,10,4,,
adult_abundance,Minnesota,cisco,Population Assessment,,"Standard 3/4-in mesh, double frame trap net sets",,,301-600,6,10,4,,
adult_abundance,Minnesota,cisco,Population Assessment,,"Standard 3/4-in mesh, double frame trap net sets",,,601-1500,6,10,4,,
adult_abundance,Minnesota,cisco,Standard Survey,,"Standard 3/4-in mesh, double frame trap net sets",,,<100,6,10,4,,
adult_abundance,Minnesota,cisco,Standard Survey,,"Standard 3/4-in mesh, double frame trap net sets",,,100-300,6,10,4,,
adult_abundance,Minnesota,cisco,Standard Survey,,"Standard 3/4-in mesh, double frame trap net sets",,,1501+,6,10,4,,
adult_abundance,Minnesota,cisco,Standard Survey,,"Standard 3/4-in mesh, double frame trap net sets",,,301-600,6,10,4,,
adult_abundance,Minnesota,cisco,Standard Survey,,"Standard 3/4-in mesh, double frame trap net sets",,,601-1500,6,10,4,,
adult_abundance,Minnesota,cisco,HISTORICAL,,Standard gill net sets,,,<100,6,10,2,,
adult_abundance,Minnesota,cisco,HISTORICAL,,Standard gill net sets,,,100-300,6,10,3,,
adult_abundance,Minnesota,cisco,HISTORICAL,,Standard gill net sets,,,1501+,6,10,5,,
adult_abundance,Minnesota,cisco,HISTORICAL,,Standard gill net sets,,,301-600,6,10,3,,
adult_abundance,Minnesota,cisco,HISTORICAL,,Standard gill net sets,,,601-1500,6,10,3,,
adult_abundance,Minnesota,cisco,Large Lake Survey,,Standard gill net sets,,,<100,6,10,2,,
adult_abundance,Minnesota,cisco,Large Lake Survey,,Standard gill net sets,,,100-300,6,10,3,,
adult_abundance,Minnesota,cisco,Large Lake Survey,,Standard gill net sets,,,1501+,6,10,5,,
adult_abundance,Minnesota,cisco,Large Lake Survey,,Standard gill net sets,,,301-600,6,10,3,,
adult_abundance,Minnesota,cisco,Large Lake Survey,,Standard gill net sets,,,601-1500,6,10,3,,
adult_abundance,Minnesota,cisco,Population Assessment,,Standard gill net sets,,,<100,6,10,2,,
adult_abundance,Minnesota,cisco,Population Assessment,,Standard gill net sets,,,100-300,6,10,3,,
adult_abundance,Minnesota,cisco,Population Assessment,,Standard gill net sets,,,1501+,6,10,5,,
adult_abundance,Minnesota,cisco,Population Assessment,,Standard gill net sets,,,301-600,6,10,3,,
adult_abundance,Minnesota,cisco,Population Assessment,,Standard gill net sets,,,601-1500,6,10,3,,
adult_abundance,Minnesota,cisco,Standard Survey,,Standard gill net sets,,,<100,6,10,2,,
adult_abundance,Minnesota,cisco,Standard Survey,,Standard gill net sets,,,100-300,6,10,3,,
adult_abundance,Minnesota,cisco,Standard Survey,,Standard gill net sets,,,1501+,6,10,5,,
adult_abundance,Minnesota,cisco,Standard Survey,,Standard gill net sets,,,301-600,6,10,3,,
adult_abundance,Minnesota,cisco,Standard Survey,,Standard gill net sets,,,601-1500,6,10,3,,
adult_abundance,Minnesota,cisco,Targeted Survey,,Standard gill net sets,,,<100,6,10,2,,
adult_abundance,Minnesota,cisco,Targeted Survey,,Standard gill net sets,,,100-300,6,10,3,,
adult_abundance,Minnesota,cisco,Targeted Survey,,Standard gill net sets,,,1501+,6,10,5,,
adult_abundance,Minnesota,cisco,Targeted Survey,,Standard gill net sets,,,301-600,6,10,3,,
adult_abundance,Minnesota,cisco,Targeted Survey,,Standard gill net sets,,,601-1500,6,10,3,,
adult_abundance,Minnesota,cisco,HISTORICAL,,"Standard gill nets, set shallow in stratified assessment",,,<100,6,10,2,,
adult_abundance,Minnesota,cisco,HISTORICAL,,"Standard gill nets, set shallow in stratified assessment",,,100-300,6,10,3,,
adult_abundance,Minnesota,cisco,HISTORICAL,,"Standard gill nets, set shallow in stratified assessment",,,1501+,6,10,5,,
adult_abundance,Minnesota,cisco,HISTORICAL,,"Standard gill nets, set shallow in stratified assessment",,,301-600,6,10,3,,
adult_abundance,Minnesota,cisco,HISTORICAL,,"Standard gill nets, set shallow in stratified assessment",,,601-1500,6,10,3,,
adult_abundance,Minnesota,cisco,Large Lake Survey,,"Standard gill nets, set shallow in stratified assessment",,,<100,6,10,2,,
adult_abundance,Minnesota,cisco,Large Lake Survey,,"Standard gill nets, set shallow in stratified assessment",,,100-300,6,10,3,,
adult_abundance,Minnesota,cisco,Large Lake Survey,,"Standard gill nets, set shallow in stratified assessment",,,1501+,6,10,5,,
adult_abundance,Minnesota,cisco,Large Lake Survey,,"Standard gill nets, set shallow in stratified assessment",,,301-600,6,10,3,,
adult_abundance,Minnesota,cisco,Large Lake Survey,,"Standard gill nets, set shallow in stratified assessment",,,601-1500,6,10,3,,
adult_abundance,Minnesota,cisco,Population Assessment,,"Standard gill nets, set shallow in stratified assessment",,,<100,6,10,2,,
adult_abundance,Minnesota,cisco,Population Assessment,,"Standard gill nets, set shallow in stratified assessment",,,100-300,6,10,3,,
adult_abundance,Minnesota,cisco,Population Assessment,,"Standard gill nets, set shallow in stratified assessment",,,1501+,6,10,5,,
adult_abundance,Minnesota,cisco,Population Assessment,,"Standard gill nets, set shallow in stratified assessment",,,301-600,6,10,3,,
adult_abundance,Minnesota,cisco,Population Assessment,,"Standard gill nets, set shallow in stratified assessment",,,601-1500,6,10,3,,
adult_abundance,Minnesota,cisco,Standard Survey,,"Standard gill nets, set shallow in stratified assessment",,,<100,6,10,2,,
adult_abundance,Minnesota,cisco,Standard Survey,,"Standard gill nets, set shallow in stratified assessment",,,100-300,6,10,3,,
adult_abundance,Minnesota,cisco,Standard Survey,,"Standard gill nets, set shallow in stratified assessment",,,1501+,6,10,5,,
adult_abundance,Minnesota,cisco,Standard Survey,,"Standard gill nets, set shallow in stratified assessment",,,301-600,6,10,3,,
adult_abundance,Minnesota,cisco,Standard Survey,,"Standard gill nets, set shallow in stratified assessment",,,601-1500,6,10,3,,
adult_abundance,Minnesota,largemouth_bass,HISTORICAL,,"Standard 3/4-in mesh, double frame trap net sets",,,<100,6,10,4,,
adult_abundance,Minnesota,largemouth_bass,HISTORICAL,,"Standard 3/4-in mesh, double frame trap net sets",,,100-300,6,10,4,,
adult_abundance,Minnesota,largemouth_bass,HISTORICAL,,"Standard 3/4-in mesh, double frame trap net sets",,,1501+,6,10,4,,
adult_abundance,Minnesota,largemouth_bass,HISTORICAL,,"Standard 3/4-in mesh, double frame trap net sets",,,301-600,6,10,4,,
adult_abundance,Minnesota,largemouth_bass,HISTORICAL,,"Standard 3/4-in mesh, double frame trap net sets",,,601-1500,6,10,4,,
adult_abundance,Minnesota,largemouth_bass,Large Lake Survey,,"Standard 3/4-in mesh, double frame trap net sets",,,<100,6,10,4,,
adult_abundance,Minnesota,largemouth_bass,Large Lake Survey,,"Standard 3/4-in mesh, double frame trap net sets",,,100-300,6,10,4,,
adult_abundance,Minnesota,largemouth_bass,Large Lake Survey,,"Standard 3/4-in mesh, double frame trap net sets",,,1501+,6,10,4,,
adult_abundance,Minnesota,largemouth_bass,Large Lake Survey,,"Standard 3/4-in mesh, double frame trap net sets",,,301-600,6,10,4,,
adult_abundance,Minnesota,largemouth_bass,Large Lake Survey,,"Standard 3/4-in mesh, double frame trap net sets",,,601-1500,6,10,4,,
adult_abundance,Minnesota,largemouth_bass,Population Assessment,,"Standard 3/4-in mesh, double frame trap net sets",,,<100,6,10,4,,
adult_abundance,Minnesota,largemouth_bass,Population Assessment,,"Standard 3/4-in mesh, double frame trap net sets",,,100-300,6,10,4,,
adult_abundance,Minnesota,largemouth_bass,Population Assessment,,"Standard 3/4-in mesh, double frame trap net sets",,,1501+,6,10,4,,
adult_abundance,Minnesota,largemouth_bass,Population Assessment,,"Standard 3/4-in mesh, double frame trap net sets",,,301-600,6,10,4,,
adult_abundance,Minnesota,largemouth_bass,Population Assessment,,"Standard 3/4-in mesh, double frame trap net sets",,,601-1500,6,10,4,,
adult_abundance,Minnesota,largemouth_bass,Standard Survey,,"Standard 3/4-in mesh, double frame trap net sets",,,<100,6,10,4,,
adult_abundance,Minnesota,largemouth_bass,Standard Survey,,"Standard 3/4-in mesh, double frame trap net sets",,,100-300,6,10,4,,
adult_abundance,Minnesota,largemouth_bass,Standard Survey,,"Standard 3/4-in mesh, double frame trap net sets",,,1501+,6,10,4,,
adult_abundance,Minnesota,largemouth_bass,Standard Survey,,"Standard 3/4-in mesh, double frame trap net sets",,,301-600,6,10,4,,
adult_abundance,Minnesota,largemouth_bass,Standard Survey,,"Standard 3/4-in mesh, double frame trap net sets",,,601-1500,6,10,4,,
adult_abundance,Minnesota,largemouth_bass,HISTORICAL,,Standard gill net sets,,,<100,6,10,2,,
adult_abundance,Minnesota,largemouth_bass,HISTORICAL,,Standard gill net sets,,,100-300,6,10,3,,
adult_abundance,Minnesota,largemouth_bass,HISTORICAL,,Standard gill net sets,,,1501+,6,10,5,,
adult_abundance,Minnesota,largemouth_bass,HISTORICAL,,Standard gill net sets,,,301-600,6,10,3,,
adult_abundance,Minnesota,largemouth_bass,HISTORICAL,,Standard gill net sets,,,601-1500,6,10,3,,
adult_abundance,Minnesota,largemouth_bass,Large Lake Survey,,Standard gill net sets,,,<100,6,10,2,,
adult_abundance,Minnesota,largemouth_bass,Large Lake Survey,,Standard gill net sets,,,100-300,6,10,3,,
adult_abundance,Minnesota,largemouth_bass,Large Lake Survey,,Standard gill net sets,,,1501+,6,10,5,,
adult_abundance,Minnesota,largemouth_bass,Large Lake Survey,,Standard gill net sets,,,301-600,6,10,3,,
adult_abundance,Minnesota,largemouth_bass,Large Lake Survey,,Standard gill net sets,,,601-1500,6,10,3,,
adult_abundance,Minnesota,largemouth_bass,Population Assessment,,Standard gill net sets,,,<100,6,10,2,,
adult_abundance,Minnesota,largemouth_bass,Population Assessment,,Standard gill net sets,,,100-300,6,10,3,,
adult_abundance,Minnesota,largemouth_bass,Population Assessment,,Standard gill net sets,,,1501+,6,10,5,,
adult_abundance,Minnesota,largemouth_bass,Population Assessment,,Standard gill net sets,,,301-600,6,10,3,,
adult_abundance,Minnesota,largemouth_bass,Population Assessment,,Standard gill net sets,,,601-1500,6,10,3,,
adult_abundance,Minnesota,largemouth_bass,Standard Survey,,Standard gill net sets,,,<100,6,10,2,,
adult_abundance,Minnesota,largemouth_bass,Standard Survey,,Standard gill net sets,,,100-300,6,10,3,,
adult_abundance,Minnesota,largemouth_bass,Standard Survey,,Standard gill net sets,,,1501+,6,10,5,,
adult_abundance,Minnesota,largemouth_bass,Standard Survey,,Standard gill net sets,,,301-600,6,10,3,,
adult_abundance,Minnesota,largemouth_bass,Standard Survey,,Standard gill net sets,,,601-1500,6,10,3,,
adult_abundance,Minnesota,largemouth_bass,HISTORICAL,,"Standard gill nets, set shallow in stratified assessment",,,<100,6,10,2,,
adult_abundance,Minnesota,largemouth_bass,HISTORICAL,,"Standard gill nets, set shallow in stratified assessment",,,100-300,6,10,3,,
adult_abundance,Minnesota,largemouth_bass,HISTORICAL,,"Standard gill nets, set shallow in stratified assessment",,,1501+,6,10,5,,
adult_abundance,Minnesota,largemouth_bass,HISTORICAL,,"Standard gill nets, set shallow in stratified assessment",,,301-600,6,10,3,,
adult_abundance,Minnesota,largemouth_bass,HISTORICAL,,"Standard gill nets, set shallow in stratified assessment",,,601-1500,6,10,3,,
adult_abundance,Minnesota,largemouth_bass,Large Lake Survey,,"Standard gill nets, set shallow in stratified assessment",,,<100,6,10,2,,
adult_abundance,Minnesota,largemouth_bass,Large Lake Survey,,"Standard gill nets, set shallow in stratified assessment",,,100-300,6,10,3,,
adult_abundance,Minnesota,largemouth_bass,Large Lake Survey,,"Standard gill nets, set shallow in stratified assessment",,,1501+,6,10,5,,
adult_abundance,Minnesota,largemouth_bass,Large Lake Survey,,"Standard gill nets, set shallow in stratified assessment",,,301-600,6,10,3,,
adult_abundance,Minnesota,largemouth_bass,Large Lake Survey,,"Standard gill nets, set shallow in stratified assessment",,,601-1500,6,10,3,,
adult_abundance,Minnesota,largemouth_bass,Population Assessment,,"Standard gill nets, set shallow in stratified assessment",,,<100,6,10,2,,
adult_abundance,Minnesota,largemouth_bass,Population Assessment,,"Standard gill nets, set shallow in stratified assessment",,,100-300,6,10,3,,
adult_abundance,Minnesota,largemouth_bass,Population Assessment,,"Standard gill nets, set shallow in stratified assessment",,,1501+,6,10,5,,
adult_abundance,Minnesota,largemouth_bass,Population Assessment,,"Standard gill nets, set shallow in stratified assessment",,,301-600,6,10,3,,
adult_abundance,Minnesota,largemouth_bass,Population Assessment,,"Standard gill nets, set shallow in stratified assessment",,,601-1500,6,10,3,,
adult_abundance,Minnesota,largemouth_bass,Standard Survey,,"Standard gill nets, set shallow in stratified assessment",,,<100,6,10,2,,
adult_abundance,Minnesota,largemouth_bass,Standard Survey,,"Standard gill nets, set shallow in stratified assessment",,,100-300,6,10,3,,
adult_abundance,Minnesota,largemouth_bass,Standard Survey,,"Standard gill nets, set shallow in stratified assessment",,,1501+,6,10,5,,
adult_abundance,Minnesota,largemouth_bass,Standard Survey,,"Standard gill nets, set shallow in stratified assessment",,,301-600,6,10,3,,
adult_abundance,Minnesota,largemouth_bass,Standard Survey,,"Standard gill nets, set shallow in stratified assessment",,,601-1500,6,10,3,,
adult_abundance,Minnesota,northern_pike,HISTORICAL,,"Standard 3/4-in mesh, double frame trap net sets",,,<100,6,10,4,,
adult_abundance,Minnesota,northern_pike,HISTORICAL,,"Standard 3/4-in mesh, double frame trap net sets",,,100-300,6,10,4,,
adult_abundance,Minnesota,northern_pike,HISTORICAL,,"Standard 3/4-in mesh, double frame trap net sets",,,1501+,6,10,4,,
adult_abundance,Minnesota,northern_pike,HISTORICAL,,"Standard 3/4-in mesh, double frame trap net sets",,,301-600,6,10,4,,
adult_abundance,Minnesota,northern_pike,HISTORICAL,,"Standard 3/4-in mesh, double frame trap net sets",,,601-1500,6,10,4,,
adult_abundance,Minnesota,northern_pike,Large Lake Survey,,"Standard 3/4-in mesh, double frame trap net sets",,,<100,6,10,4,,
adult_abundance,Minnesota,northern_pike,Large Lake Survey,,"Standard 3/4-in mesh, double frame trap net sets",,,100-300,6,10,4,,
adult_abundance,Minnesota,northern_pike,Large Lake Survey,,"Standard 3/4-in mesh, double frame trap net sets",,,1501+,6,10,4,,
adult_abundance,Minnesota,northern_pike,Large Lake Survey,,"Standard 3/4-in mesh, double frame trap net sets",,,301-600,6,10,4,,
adult_abundance,Minnesota,northern_pike,Large Lake Survey,,"Standard 3/4-in mesh, double frame trap net sets",,,601-1500,6,10,4,,
adult_abundance,Minnesota,northern_pike,Population Assessment,,"Standard 3/4-in mesh, double frame trap net sets",,,<100,6,10,4,,
adult_abundance,Minnesota,northern_pike,Population Assessment,,"Standard 3/4-in mesh, double frame trap net sets",,,100-300,6,10,4,,
adult_abundance,Minnesota,northern_pike,Population Assessment,,"Standard 3/4-in mesh, double frame trap net sets",,,1501+,6,10,4,,
adult_abundance,Minnesota,northern_pike,Population Assessment,,"Standard 3/4-in mesh, double frame trap net sets",,,301-600,6,10,4,,
adult_abundance,Minnesota,northern_pike,Population Assessment,,"Standard 3/4-in mesh, double frame trap net sets",,,601-1500,6,10,4,,
adult_abundance,Minnesota,northern_pike,Standard Survey,,"Standard 3/4-in mesh, double frame trap net sets",,,<100,6,10,4,,
adult_abundance,Minnesota,northern_pike,Standard Survey,,"Standard 3/4-in mesh, double frame trap net sets",,,100-300,6,10,4,,
adult_abundance,Minnesota,northern_pike,Standard Survey,,"Standard 3/4-in mesh, double frame trap net sets",,,1501+,6,10,4,,
adult_abundance,Minnesota,northern_pike,Standard Survey,,"Standard 3/4-in mesh, double frame trap net sets",,,301-600,6,10,4,,
adult_abundance,Minnesota,northern_pike,Standard Survey,,"Standard 3/4-in mesh, double frame trap net sets",,,601-1500,6,10,4,,
adult_abundance,Minnesota,northern_pike,HISTORICAL,,Standard gill net sets,,,<100,6,10,2,,
adult_abundance,Minnesota,northern_pike,HISTORICAL,,Standard gill net sets,,,100-300,6,10,3,,
adult_abundance,Minnesota,northern_pike,HISTORICAL,,Standard gill net sets,,,1501+,6,10,5,,
adult_abundance,Minnesota,northern_pike,HISTORICAL,,Standard gill net sets,,,301-600,6,10,3,,
adult_abundance,Minnesota,northern_pike,HISTORICAL,,Standard gill net sets,,,601-1500,6,10,3,,
adult_abundance,Minnesota,northern_pike,Large Lake Survey,,Standard gill net sets,,,<100,6,10,2,,
adult_abundance,Minnesota,northern_pike,Large Lake Survey,,Standard gill net sets,,,100-300,6,10,3,,
adult_abundance,Minnesota,northern_pike,Large Lake Survey,,Standard gill net sets,,,1501+,6,10,5,,
adult_abundance,Minnesota,northern_pike,Large Lake Survey,,Standard gill net sets,,,301-600,6,10,3,,
adult_abundance,Minnesota,northern_pike,Large Lake Survey,,Standard gill net sets,,,601-1500,6,10,3,,
adult_abundance,Minnesota,northern_pike,Population Assessment,,Standard gill net sets,,,<100,6,10,2,,
adult_abundance,Minnesota,northern_pike,Population Assessment,,Standard gill net sets,,,100-300,6,10,3,,
adult_abundance,Minnesota,northern_pike,Population Assessment,,Standard gill net sets,,,1501+,6,10,5,,
adult_abundance,Minnesota,northern_pike,Population Assessment,,Standard gill net sets,,,301-600,6,10,3,,
adult_abundance,Minnesota,northern_pike,Population Assessment,,Standard gill net sets,,,601-1500,6,10,3,,
adult_abundance,Minnesota,northern_pike,Standard Survey,,Standard gill net sets,,,<100,6,10,2,,
adult_abundance,Minnesota,northern_pike,Standard Survey,,Standard gill net sets,,,100-300,6,10,3,,
adult_abundance,Minnesota,northern_pike,Standard Survey,,Standard gill net sets,,,1501+,6,10,5,,
adult_abundance,Minnesota,northern_pike,Standard Survey,,Standard gill net sets,,,301-600,6,10,3,,
adult_abundance,Minnesota,northern_pike,Standard Survey,,Standard gill net sets,,,601-1500,6,10,3,,
adult_abundance,Minnesota,northern_pike,Targeted Survey,,Standard gill net sets,,,<100,6,10,2,,
adult_abundance,Minnesota,northern_pike,Targeted Survey,,Standard gill net sets,,,100-300,6,10,3,,
adult_abundance,Minnesota,northern_pike,Targeted Survey,,Standard gill net sets,,,1501+,6,10,5,,
adult_abundance,Minnesota,northern_pike,Targeted Survey,,Standard gill net sets,,,301-600,6,10,3,,
adult_abundance,Minnesota,northern_pike,Targeted Survey,,Standard gill net sets,,,601-1500,6,10,3,,
adult_abundance,Minnesota,northern_pike,HISTORICAL,,"Standard gill nets, set shallow in stratified assessment",,,<100,6,10,2,,
adult_abundance,Minnesota,northern_pike,HISTORICAL,,"Standard gill nets, set shallow in stratified assessment",,,100-300,6,10,3,50,70
adult_abundance,Minnesota,northern_pike,HISTORICAL,,"Standard gill nets, set shallow in stratified assessment",,,1501+,6,10,5,65,80
adult_abundance,Minnesota,northern_pike,HISTORICAL,,"Standard gill nets, set shallow in stratified assessment",,,301-600,6,10,3,50,70
adult_abundance,Minnesota,northern_pike,HISTORICAL,,"Standard gill nets, set shallow in stratified assessment",,,601-1500,6,10,3,,
adult_abundance,Minnesota,northern_pike,Large Lake Survey,,"Standard gill nets, set shallow in stratified assessment",,,<100,6,10,2,55,70
adult_abundance,Minnesota,northern_pike,Large Lake Survey,,"Standard gill nets, set shallow in stratified assessment",,,100-300,6,10,3,40,50
adult_abundance,Minnesota,northern_pike,Large Lake Survey,,"Standard gill nets, set shallow in stratified assessment",,,1501+,6,10,5,,
adult_abundance,Minnesota,northern_pike,Large Lake Survey,,"Standard gill nets, set shallow in stratified assessment",,,301-600,6,10,3,,
adult_abundance,Minnesota,northern_pike,Large Lake Survey,,"Standard gill nets, set shallow in stratified assessment",,,601-1500,6,10,3,40,50
adult_abundance,Minnesota,northern_pike,Population Assessment,,"Standard gill nets, set shallow in stratified assessment",,,<100,6,10,2,45,50
adult_abundance,Minnesota,northern_pike,Population Assessment,,"Standard gill nets, set shallow in stratified assessment",,,100-300,6,10,3,50,65
adult_abundance,Minnesota,northern_pike,Population Assessment,,"Standard gill nets, set shallow in stratified assessment",,,1501+,6,10,5,40,70
adult_abundance,South Dakota,black_crappie,,,,,,,,,,55,70
adult_abundance,South Dakota,bluegill,,,,,,,,,,,
adult_abundance,South Dakota,cisco,,,,,,,,,,,
adult_abundance,South Dakota,largemouth_bass,,,,,,,,,,,
adult_abundance,South Dakota,northern_pike,,,,,,,,,,,
adult_abundance,South Dakota,smallmouth_bass,,,,,,,,,,,
adult_abundance,South Dakota,walleye,,,,,,,,,,,
adult_abundance,South Dakota,yellow_perch,,,,,,,,,,,
adult_abundance,Wisconsin,black_crappie,,cpe,fyke_net,,,,3,5,2,,
proportional_stock_density,Wisconsin,bluegill,,psd,fyke_net,,,,6,8,2,,
adult_abundance,Wisconsin,bluegill,,cpe,boom_shocker,,,,4,6,30,,
adult_abundance,Wisconsin,cisco,,cpe,vertical_gill_net,,,,6,8,,,
adult_abundance,Wisconsin,largemouth_bass,,cpe,boom_shocker,,,,4,6,30,,
adult_abundance,Wisconsin,northern_pike,,cpe,fyke_net,,,,3,5,2,,
adult_abundance,Wisconsin,largemouth_bass,,cpe,fyke_net,,,,4,6,2,,
adult_abundance,Wisconsin,largemouth_bass,,cpe,boom_shocker,,,,8,11,30,,
adult_abundance,Wisconsin,walleye,,cpe,fyke_net,,,,3,5,2,,
population_estimate,Wisconsin,walleye,,pe,boom_shocker,,,,3,5,30,,
juvenile_abundance,Wisconsin,walleye,,cpe,boom_shocker,,,,8,11,30,,
adult_abundance,Wisconsin,yellow_perch,,cpe,fyke_net,,,,3,5,2,,
adult_abundance,Wisconsin,yellow_perch,,cpe,boom_shocker,,,,3,5,30,,
adult_abundance,Minnesota,northern_pike,Population Assessment,,"Standard gill nets, set shallow in stratified assessment",,,301-600,6,10,3,,
adult_abundance,Minnesota,northern_pike,Population Assessment,,"Standard gill nets, set shallow in stratified assessment",,,601-1500,6,10,3,,
adult_abundance,Minnesota,northern_pike,Standard Survey,,"Standard gill nets, set shallow in stratified assessment",,,<100,6,10,2,,
adult_abundance,Minnesota,northern_pike,Standard Survey,,"Standard gill nets, set shallow in stratified assessment",,,100-300,6,10,3,,
adult_abundance,Minnesota,northern_pike,Standard Survey,,"Standard gill nets, set shallow in stratified assessment",,,1501+,6,10,5,,
adult_abundance,Minnesota,northern_pike,Standard Survey,,"Standard gill nets, set shallow in stratified assessment",,,301-600,6,10,3,,
adult_abundance,Minnesota,northern_pike,Standard Survey,,"Standard gill nets, set shallow in stratified assessment",,,601-1500,6,10,3,,
adult_abundance,Minnesota,smallmouth_bass,HISTORICAL,,"Standard 3/4-in mesh, double frame trap net sets",,,<100,6,10,4,,
adult_abundance,Minnesota,smallmouth_bass,HISTORICAL,,"Standard 3/4-in mesh, double frame trap net sets",,,100-300,6,10,4,,
adult_abundance,Minnesota,smallmouth_bass,HISTORICAL,,"Standard 3/4-in mesh, double frame trap net sets",,,1501+,6,10,4,,
adult_abundance,Minnesota,smallmouth_bass,HISTORICAL,,"Standard 3/4-in mesh, double frame trap net sets",,,301-600,6,10,4,,
adult_abundance,Minnesota,smallmouth_bass,HISTORICAL,,"Standard 3/4-in mesh, double frame trap net sets",,,601-1500,6,10,4,,
adult_abundance,Minnesota,smallmouth_bass,Large Lake Survey,,"Standard 3/4-in mesh, double frame trap net sets",,,<100,6,10,4,,
adult_abundance,Minnesota,smallmouth_bass,Large Lake Survey,,"Standard 3/4-in mesh, double frame trap net sets",,,100-300,6,10,4,,
adult_abundance,Minnesota,smallmouth_bass,Large Lake Survey,,"Standard 3/4-in mesh, double frame trap net sets",,,1501+,6,10,4,,
adult_abundance,Minnesota,smallmouth_bass,Large Lake Survey,,"Standard 3/4-in mesh, double frame trap net sets",,,301-600,6,10,4,,
adult_abundance,Minnesota,smallmouth_bass,Large Lake Survey,,"Standard 3/4-in mesh, double frame trap net sets",,,601-1500,6,10,4,,
adult_abundance,Minnesota,smallmouth_bass,Population Assessment,,"Standard 3/4-in mesh, double frame trap net sets",,,<100,6,10,4,,
adult_abundance,Minnesota,smallmouth_bass,Population Assessment,,"Standard 3/4-in mesh, double frame trap net sets",,,100-300,6,10,4,,
adult_abundance,Minnesota,smallmouth_bass,Population Assessment,,"Standard 3/4-in mesh, double frame trap net sets",,,1501+,6,10,4,,
adult_abundance,Minnesota,smallmouth_bass,Population Assessment,,"Standard 3/4-in mesh, double frame trap net sets",,,301-600,6,10,4,,
adult_abundance,Minnesota,smallmouth_bass,Population Assessment,,"Standard 3/4-in mesh, double frame trap net sets",,,601-1500,6,10,4,,
adult_abundance,Minnesota,smallmouth_bass,Standard Survey,,"Standard 3/4-in mesh, double frame trap net sets",,,<100,6,10,4,,
adult_abundance,Minnesota,smallmouth_bass,Standard Survey,,"Standard 3/4-in mesh, double frame trap net sets",,,100-300,6,10,4,,
adult_abundance,Minnesota,smallmouth_bass,Standard Survey,,"Standard 3/4-in mesh, double frame trap net sets",,,1501+,6,10,4,,
adult_abundance,Minnesota,smallmouth_bass,Standard Survey,,"Standard 3/4-in mesh, double frame trap net sets",,,301-600,6,10,4,,
adult_abundance,Minnesota,smallmouth_bass,Standard Survey,,"Standard 3/4-in mesh, double frame trap net sets",,,601-1500,6,10,4,,
adult_abundance,Minnesota,smallmouth_bass,HISTORICAL,,Standard gill net sets,,,<100,6,10,2,,
adult_abundance,Minnesota,smallmouth_bass,HISTORICAL,,Standard gill net sets,,,100-300,6,10,3,,
adult_abundance,Minnesota,smallmouth_bass,HISTORICAL,,Standard gill net sets,,,1501+,6,10,5,,
adult_abundance,Minnesota,smallmouth_bass,HISTORICAL,,Standard gill net sets,,,301-600,6,10,3,,
adult_abundance,Minnesota,smallmouth_bass,HISTORICAL,,Standard gill net sets,,,601-1500,6,10,3,,
adult_abundance,Minnesota,smallmouth_bass,Large Lake Survey,,Standard gill net sets,,,<100,6,10,2,,
adult_abundance,Minnesota,smallmouth_bass,Large Lake Survey,,Standard gill net sets,,,100-300,6,10,3,,
adult_abundance,Minnesota,smallmouth_bass,Large Lake Survey,,Standard gill net sets,,,1501+,6,10,5,,
adult_abundance,Minnesota,smallmouth_bass,Large Lake Survey,,Standard gill net sets,,,301-600,6,10,3,,
adult_abundance,Minnesota,smallmouth_bass,Large Lake Survey,,Standard gill net sets,,,601-1500,6,10,3,,
adult_abundance,Minnesota,smallmouth_bass,Population Assessment,,Standard gill net sets,,,<100,6,10,2,,
adult_abundance,Minnesota,smallmouth_bass,Population Assessment,,Standard gill net sets,,,100-300,6,10,3,,
adult_abundance,Minnesota,smallmouth_bass,Population Assessment,,Standard gill net sets,,,1501+,6,10,5,,
adult_abundance,Minnesota,smallmouth_bass,Population Assessment,,Standard gill net sets,,,301-600,6,10,3,,
adult_abundance,Minnesota,smallmouth_bass,Population Assessment,,Standard gill net sets,,,601-1500,6,10,3,,
adult_abundance,Minnesota,smallmouth_bass,Standard Survey,,Standard gill net sets,,,<100,6,10,2,,
adult_abundance,Minnesota,smallmouth_bass,Standard Survey,,Standard gill net sets,,,100-300,6,10,3,,
adult_abundance,Minnesota,smallmouth_bass,Standard Survey,,Standard gill net sets,,,1501+,6,10,5,,
adult_abundance,Minnesota,smallmouth_bass,Standard Survey,,Standard gill net sets,,,301-600,6,10,3,,
adult_abundance,Minnesota,smallmouth_bass,Standard Survey,,Standard gill net sets,,,601-1500,6,10,3,,
adult_abundance,Minnesota,smallmouth_bass,HISTORICAL,,"Standard gill nets, set shallow in stratified assessment",,,<100,6,10,2,,
adult_abundance,Minnesota,smallmouth_bass,HISTORICAL,,"Standard gill nets, set shallow in stratified assessment",,,100-300,6,10,3,,
adult_abundance,Minnesota,smallmouth_bass,HISTORICAL,,"Standard gill nets, set shallow in stratified assessment",,,1501+,6,10,5,,
adult_abundance,Minnesota,smallmouth_bass,HISTORICAL,,"Standard gill nets, set shallow in stratified assessment",,,301-600,6,10,3,,
adult_abundance,Minnesota,smallmouth_bass,HISTORICAL,,"Standard gill nets, set shallow in stratified assessment",,,601-1500,6,10,3,,
adult_abundance,Minnesota,smallmouth_bass,Large Lake Survey,,"Standard gill nets, set shallow in stratified assessment",,,<100,6,10,2,,
adult_abundance,Minnesota,smallmouth_bass,Large Lake Survey,,"Standard gill nets, set shallow in stratified assessment",,,100-300,6,10,3,,
adult_abundance,Minnesota,smallmouth_bass,Large Lake Survey,,"Standard gill nets, set shallow in stratified assessment",,,1501+,6,10,5,,
adult_abundance,Minnesota,smallmouth_bass,Large Lake Survey,,"Standard gill nets, set shallow in stratified assessment",,,301-600,6,10,3,,
adult_abundance,Minnesota,smallmouth_bass,Large Lake Survey,,"Standard gill nets, set shallow in stratified assessment",,,601-1500,6,10,3,,
adult_abundance,Minnesota,smallmouth_bass,Population Assessment,,"Standard gill nets, set shallow in stratified assessment",,,<100,6,10,2,,
adult_abundance,Minnesota,smallmouth_bass,Population Assessment,,"Standard gill nets, set shallow in stratified assessment",,,100-300,6,10,3,,
adult_abundance,Minnesota,smallmouth_bass,Population Assessment,,"Standard gill nets, set shallow in stratified assessment",,,1501+,6,10,5,,
adult_abundance,Minnesota,smallmouth_bass,Population Assessment,,"Standard gill nets, set shallow in stratified assessment",,,301-600,6,10,3,,
adult_abundance,Minnesota,smallmouth_bass,Population Assessment,,"Standard gill nets, set shallow in stratified assessment",,,601-1500,6,10,3,,
adult_abundance,Minnesota,smallmouth_bass,Standard Survey,,"Standard gill nets, set shallow in stratified assessment",,,<100,6,10,2,,
adult_abundance,Minnesota,smallmouth_bass,Standard Survey,,"Standard gill nets, set shallow in stratified assessment",,,100-300,6,10,3,,
adult_abundance,Minnesota,smallmouth_bass,Standard Survey,,"Standard gill nets, set shallow in stratified assessment",,,1501+,6,10,5,,
adult_abundance,Minnesota,smallmouth_bass,Standard Survey,,"Standard gill nets, set shallow in stratified assessment",,,301-600,6,10,3,,
adult_abundance,Minnesota,smallmouth_bass,Standard Survey,,"Standard gill nets, set shallow in stratified assessment",,,601-1500,6,10,3,,
adult_abundance,Minnesota,walleye,HISTORICAL,,"Standard 3/4-in mesh, double frame trap net sets",,,<100,6,10,4,,
adult_abundance,Minnesota,walleye,HISTORICAL,,"Standard 3/4-in mesh, double frame trap net sets",,,100-300,6,10,4,,
adult_abundance,Minnesota,walleye,HISTORICAL,,"Standard 3/4-in mesh, double frame trap net sets",,,1501+,6,10,4,,
adult_abundance,Minnesota,walleye,HISTORICAL,,"Standard 3/4-in mesh, double frame trap net sets",,,301-600,6,10,4,,
adult_abundance,Minnesota,walleye,HISTORICAL,,"Standard 3/4-in mesh, double frame trap net sets",,,601-1500,6,10,4,,
adult_abundance,Minnesota,walleye,Large Lake Survey,,"Standard 3/4-in mesh, double frame trap net sets",,,<100,6,10,4,,
adult_abundance,Minnesota,walleye,Large Lake Survey,,"Standard 3/4-in mesh, double frame trap net sets",,,100-300,6,10,4,,
adult_abundance,Minnesota,walleye,Large Lake Survey,,"Standard 3/4-in mesh, double frame trap net sets",,,1501+,6,10,4,,
adult_abundance,Minnesota,walleye,Large Lake Survey,,"Standard 3/4-in mesh, double frame trap net sets",,,301-600,6,10,4,,
adult_abundance,Minnesota,walleye,Large Lake Survey,,"Standard 3/4-in mesh, double frame trap net sets",,,601-1500,6,10,4,,
adult_abundance,Minnesota,walleye,Population Assessment,,"Standard 3/4-in mesh, double frame trap net sets",,,<100,6,10,4,,
adult_abundance,Minnesota,walleye,Population Assessment,,"Standard 3/4-in mesh, double frame trap net sets",,,100-300,6,10,4,,
adult_abundance,Minnesota,walleye,Population Assessment,,"Standard 3/4-in mesh, double frame trap net sets",,,1501+,6,10,4,,
adult_abundance,Minnesota,walleye,Population Assessment,,"Standard 3/4-in mesh, double frame trap net sets",,,301-600,6,10,4,,
adult_abundance,Minnesota,walleye,Population Assessment,,"Standard 3/4-in mesh, double frame trap net sets",,,601-1500,6,10,4,,
adult_abundance,Minnesota,walleye,Standard Survey,,"Standard 3/4-in mesh, double frame trap net sets",,,<100,6,10,4,,
adult_abundance,Minnesota,walleye,Standard Survey,,"Standard 3/4-in mesh, double frame trap net sets",,,100-300,6,10,4,,
adult_abundance,Minnesota,walleye,Standard Survey,,"Standard 3/4-in mesh, double frame trap net sets",,,1501+,6,10,4,,
adult_abundance,Minnesota,walleye,Standard Survey,,"Standard 3/4-in mesh, double frame trap net sets",,,301-600,6,10,4,,
adult_abundance,Minnesota,walleye,Standard Survey,,"Standard 3/4-in mesh, double frame trap net sets",,,601-1500,6,10,4,,
adult_abundance,Minnesota,walleye,HISTORICAL,,Standard gill net sets,,,<100,6,10,2,,
adult_abundance,Minnesota,walleye,HISTORICAL,,Standard gill net sets,,,100-300,6,10,3,,
adult_abundance,Minnesota,walleye,HISTORICAL,,Standard gill net sets,,,1501+,6,10,5,,
adult_abundance,Minnesota,walleye,HISTORICAL,,Standard gill net sets,,,301-600,6,10,3,,
adult_abundance,Minnesota,walleye,HISTORICAL,,Standard gill net sets,,,601-1500,6,10,3,,
adult_abundance,Minnesota,walleye,Large Lake Survey,,Standard gill net sets,,,<100,6,10,2,,
adult_abundance,Minnesota,walleye,Large Lake Survey,,Standard gill net sets,,,100-300,6,10,3,,
adult_abundance,Minnesota,walleye,Large Lake Survey,,Standard gill net sets,,,1501+,6,10,5,,
adult_abundance,Minnesota,walleye,Large Lake Survey,,Standard gill net sets,,,301-600,6,10,3,,
adult_abundance,Minnesota,walleye,Large Lake Survey,,Standard gill net sets,,,601-1500,6,10,3,,
adult_abundance,Minnesota,walleye,Population Assessment,,Standard gill net sets,,,<100,6,10,2,,
adult_abundance,Minnesota,walleye,Population Assessment,,Standard gill net sets,,,100-300,6,10,3,,
adult_abundance,Minnesota,walleye,Population Assessment,,Standard gill net sets,,,1501+,6,10,5,,
adult_abundance,Minnesota,walleye,Population Assessment,,Standard gill net sets,,,301-600,6,10,3,,
adult_abundance,Minnesota,walleye,Population Assessment,,Standard gill net sets,,,601-1500,6,10,3,,
adult_abundance,Minnesota,walleye,Standard Survey,,Standard gill net sets,,,<100,6,10,2,,
adult_abundance,Minnesota,walleye,Standard Survey,,Standard gill net sets,,,100-300,6,10,3,,
adult_abundance,Minnesota,walleye,Standard Survey,,Standard gill net sets,,,1501+,6,10,5,,
adult_abundance,Minnesota,walleye,Standard Survey,,Standard gill net sets,,,301-600,6,10,3,,
adult_abundance,Minnesota,walleye,Standard Survey,,Standard gill net sets,,,601-1500,6,10,3,,
adult_abundance,Minnesota,walleye,Targeted Survey,,Standard gill net sets,,,<100,6,10,2,,
adult_abundance,Minnesota,walleye,Targeted Survey,,Standard gill net sets,,,100-300,6,10,3,,
adult_abundance,Minnesota,walleye,Targeted Survey,,Standard gill net sets,,,1501+,6,10,5,,
adult_abundance,Minnesota,walleye,Targeted Survey,,Standard gill net sets,,,301-600,6,10,3,,
adult_abundance,Minnesota,walleye,Targeted Survey,,Standard gill net sets,,,601-1500,6,10,3,,
adult_abundance,Minnesota,walleye,HISTORICAL,,"Standard gill nets, set shallow in stratified assessment",,,<100,6,10,2,,
adult_abundance,Minnesota,walleye,HISTORICAL,,"Standard gill nets, set shallow in stratified assessment",,,100-300,6,10,3,,
adult_abundance,Minnesota,walleye,HISTORICAL,,"Standard gill nets, set shallow in stratified assessment",,,1501+,6,10,5,,
adult_abundance,Minnesota,walleye,HISTORICAL,,"Standard gill nets, set shallow in stratified assessment",,,301-600,6,10,3,,
adult_abundance,Minnesota,walleye,HISTORICAL,,"Standard gill nets, set shallow in stratified assessment",,,601-1500,6,10,3,,
adult_abundance,Minnesota,walleye,Large Lake Survey,,"Standard gill nets, set shallow in stratified assessment",,,<100,6,10,2,,
adult_abundance,Minnesota,walleye,Large Lake Survey,,"Standard gill nets, set shallow in stratified assessment",,,100-300,6,10,3,,
adult_abundance,Minnesota,walleye,Large Lake Survey,,"Standard gill nets, set shallow in stratified assessment",,,1501+,6,10,5,,
adult_abundance,Minnesota,walleye,Large Lake Survey,,"Standard gill nets, set shallow in stratified assessment",,,301-600,6,10,3,,
adult_abundance,Minnesota,walleye,Large Lake Survey,,"Standard gill nets, set shallow in stratified assessment",,,601-1500,6,10,3,,
adult_abundance,Minnesota,walleye,Population Assessment,,"Standard gill nets, set shallow in stratified assessment",,,<100,6,10,2,,
adult_abundance,Minnesota,walleye,Population Assessment,,"Standard gill nets, set shallow in stratified assessment",,,100-300,6,10,3,,
adult_abundance,Minnesota,walleye,Population Assessment,,"Standard gill nets, set shallow in stratified assessment",,,1501+,6,10,5,,
adult_abundance,Minnesota,walleye,Population Assessment,,"Standard gill nets, set shallow in stratified assessment",,,301-600,6,10,3,,
adult_abundance,Minnesota,walleye,Population Assessment,,"Standard gill nets, set shallow in stratified assessment",,,601-1500,6,10,3,,
adult_abundance,Minnesota,walleye,Standard Survey,,"Standard gill nets, set shallow in stratified assessment",,,<100,6,10,2,,
adult_abundance,Minnesota,walleye,Standard Survey,,"Standard gill nets, set shallow in stratified assessment",,,100-300,6,10,3,,
adult_abundance,Minnesota,walleye,Standard Survey,,"Standard gill nets, set shallow in stratified assessment",,,1501+,6,10,5,,
adult_abundance,Minnesota,walleye,Standard Survey,,"Standard gill nets, set shallow in stratified assessment",,,301-600,6,10,3,,
adult_abundance,Minnesota,walleye,Standard Survey,,"Standard gill nets, set shallow in stratified assessment",,,601-1500,6,10,3,,
adult_abundance,Minnesota,yellow_perch,HISTORICAL,,"Standard 3/4-in mesh, double frame trap net sets",,,<100,6,10,4,,
adult_abundance,Minnesota,yellow_perch,HISTORICAL,,"Standard 3/4-in mesh, double frame trap net sets",,,100-300,6,10,4,,
adult_abundance,Minnesota,yellow_perch,HISTORICAL,,"Standard 3/4-in mesh, double frame trap net sets",,,1501+,6,10,4,,
adult_abundance,Minnesota,yellow_perch,HISTORICAL,,"Standard 3/4-in mesh, double frame trap net sets",,,301-600,6,10,4,,
adult_abundance,Minnesota,yellow_perch,HISTORICAL,,"Standard 3/4-in mesh, double frame trap net sets",,,601-1500,6,10,4,,
adult_abundance,Minnesota,yellow_perch,Large Lake Survey,,"Standard 3/4-in mesh, double frame trap net sets",,,<100,6,10,4,,
adult_abundance,Minnesota,yellow_perch,Large Lake Survey,,"Standard 3/4-in mesh, double frame trap net sets",,,100-300,6,10,4,,
adult_abundance,Minnesota,yellow_perch,Large Lake Survey,,"Standard 3/4-in mesh, double frame trap net sets",,,1501+,6,10,4,,
adult_abundance,Minnesota,yellow_perch,Large Lake Survey,,"Standard 3/4-in mesh, double frame trap net sets",,,301-600,6,10,4,,
adult_abundance,Minnesota,yellow_perch,Large Lake Survey,,"Standard 3/4-in mesh, double frame trap net sets",,,601-1500,6,10,4,,
adult_abundance,Minnesota,yellow_perch,Population Assessment,,"Standard 3/4-in mesh, double frame trap net sets",,,<100,6,10,4,,
adult_abundance,Minnesota,yellow_perch,Population Assessment,,"Standard 3/4-in mesh, double frame trap net sets",,,100-300,6,10,4,,
adult_abundance,Minnesota,yellow_perch,Population Assessment,,"Standard 3/4-in mesh, double frame trap net sets",,,1501+,6,10,4,,
adult_abundance,Minnesota,yellow_perch,Population Assessment,,"Standard 3/4-in mesh, double frame trap net sets",,,301-600,6,10,4,,
adult_abundance,Minnesota,yellow_perch,Population Assessment,,"Standard 3/4-in mesh, double frame trap net sets",,,601-1500,6,10,4,,
adult_abundance,Minnesota,yellow_perch,Standard Survey,,"Standard 3/4-in mesh, double frame trap net sets",,,<100,6,10,4,,
adult_abundance,Minnesota,yellow_perch,Standard Survey,,"Standard 3/4-in mesh, double frame trap net sets",,,100-300,6,10,4,,
adult_abundance,Minnesota,yellow_perch,Standard Survey,,"Standard 3/4-in mesh, double frame trap net sets",,,1501+,6,10,4,,
adult_abundance,Minnesota,yellow_perch,Standard Survey,,"Standard 3/4-in mesh, double frame trap net sets",,,301-600,6,10,4,,
adult_abundance,Minnesota,yellow_perch,Standard Survey,,"Standard 3/4-in mesh, double frame trap net sets",,,601-1500,6,10,4,,
adult_abundance,Minnesota,yellow_perch,HISTORICAL,,Standard gill net sets,,,<100,6,10,2,,
adult_abundance,Minnesota,yellow_perch,HISTORICAL,,Standard gill net sets,,,100-300,6,10,3,,
adult_abundance,Minnesota,yellow_perch,HISTORICAL,,Standard gill net sets,,,1501+,6,10,5,,
adult_abundance,Minnesota,yellow_perch,HISTORICAL,,Standard gill net sets,,,301-600,6,10,3,,
adult_abundance,Minnesota,yellow_perch,HISTORICAL,,Standard gill net sets,,,601-1500,6,10,3,,
adult_abundance,Minnesota,yellow_perch,Large Lake Survey,,Standard gill net sets,,,<100,6,10,2,,
adult_abundance,Minnesota,yellow_perch,Large Lake Survey,,Standard gill net sets,,,100-300,6,10,3,,
adult_abundance,Minnesota,yellow_perch,Large Lake Survey,,Standard gill net sets,,,1501+,6,10,5,,
adult_abundance,Minnesota,yellow_perch,Large Lake Survey,,Standard gill net sets,,,301-600,6,10,3,,
adult_abundance,Minnesota,yellow_perch,Large Lake Survey,,Standard gill net sets,,,601-1500,6,10,3,,
adult_abundance,Minnesota,yellow_perch,Population Assessment,,Standard gill net sets,,,<100,6,10,2,,
adult_abundance,Minnesota,yellow_perch,Population Assessment,,Standard gill net sets,,,100-300,6,10,3,,
adult_abundance,Minnesota,yellow_perch,Population Assessment,,Standard gill net sets,,,1501+,6,10,5,,
adult_abundance,Minnesota,yellow_perch,Population Assessment,,Standard gill net sets,,,301-600,6,10,3,,
adult_abundance,Minnesota,yellow_perch,Population Assessment,,Standard gill net sets,,,601-1500,6,10,3,,
adult_abundance,Minnesota,yellow_perch,Standard Survey,,Standard gill net sets,,,<100,6,10,2,,
adult_abundance,Minnesota,yellow_perch,Standard Survey,,Standard gill net sets,,,100-300,6,10,3,,
adult_abundance,Minnesota,yellow_perch,Standard Survey,,Standard gill net sets,,,1501+,6,10,5,,
adult_abundance,Minnesota,yellow_perch,Standard Survey,,Standard gill net sets,,,301-600,6,10,3,,
adult_abundance,Minnesota,yellow_perch,Standard Survey,,Standard gill net sets,,,601-1500,6,10,3,,
adult_abundance,Minnesota,yellow_perch,Targeted Survey,,Standard gill net sets,,,<100,6,10,2,,
adult_abundance,Minnesota,yellow_perch,Targeted Survey,,Standard gill net sets,,,100-300,6,10,3,,
adult_abundance,Minnesota,yellow_perch,Targeted Survey,,Standard gill net sets,,,1501+,6,10,5,,
adult_abundance,Minnesota,yellow_perch,Targeted Survey,,Standard gill net sets,,,301-600,6,10,3,,
adult_abundance,Minnesota,yellow_perch,Targeted Survey,,Standard gill net sets,,,601-1500,6,10,3,,
adult_abundance,Minnesota,yellow_perch,HISTORICAL,,"Standard gill nets, set shallow in stratified assessment",,,<100,6,10,2,,
adult_abundance,Minnesota,yellow_perch,HISTORICAL,,"Standard gill nets, set shallow in stratified assessment",,,100-300,6,10,3,,
adult_abundance,Minnesota,yellow_perch,HISTORICAL,,"Standard gill nets, set shallow in stratified assessment",,,1501+,6,10,5,,
adult_abundance,Minnesota,yellow_perch,HISTORICAL,,"Standard gill nets, set shallow in stratified assessment",,,301-600,6,10,3,,
adult_abundance,Minnesota,yellow_perch,HISTORICAL,,"Standard gill nets, set shallow in stratified assessment",,,601-1500,6,10,3,,
adult_abundance,Minnesota,yellow_perch,Large Lake Survey,,"Standard gill nets, set shallow in stratified assessment",,,<100,6,10,2,,
adult_abundance,Minnesota,yellow_perch,Large Lake Survey,,"Standard gill nets, set shallow in stratified assessment",,,100-300,6,10,3,,
adult_abundance,Minnesota,yellow_perch,Large Lake Survey,,"Standard gill nets, set shallow in stratified assessment",,,1501+,6,10,5,,
adult_abundance,Minnesota,yellow_perch,Large Lake Survey,,"Standard gill nets, set shallow in stratified assessment",,,301-600,6,10,3,,
adult_abundance,Minnesota,yellow_perch,Large Lake Survey,,"Standard gill nets, set shallow in stratified assessment",,,601-1500,6,10,3,,
adult_abundance,Minnesota,yellow_perch,Population Assessment,,"Standard gill nets, set shallow in stratified assessment",,,<100,6,10,2,,
adult_abundance,Minnesota,yellow_perch,Population Assessment,,"Standard gill nets, set shallow in stratified assessment",,,100-300,6,10,3,,
adult_abundance,Minnesota,yellow_perch,Population Assessment,,"Standard gill nets, set shallow in stratified assessment",,,1501+,6,10,5,,
adult_abundance,Minnesota,yellow_perch,Population Assessment,,"Standard gill nets, set shallow in stratified assessment",,,301-600,6,10,3,,
adult_abundance,Minnesota,yellow_perch,Population Assessment,,"Standard gill nets, set shallow in stratified assessment",,,601-1500,6,10,3,,
adult_abundance,Minnesota,yellow_perch,Standard Survey,,"Standard gill nets, set shallow in stratified assessment",,,<100,6,10,2,,
adult_abundance,Minnesota,yellow_perch,Standard Survey,,"Standard gill nets, set shallow in stratified assessment",,,100-300,6,10,3,,
adult_abundance,Minnesota,yellow_perch,Standard Survey,,"Standard gill nets, set shallow in stratified assessment",,,1501+,6,10,5,,
adult_abundance,Minnesota,yellow_perch,Standard Survey,,"Standard gill nets, set shallow in stratified assessment",,,301-600,6,10,3,,
adult_abundance,Minnesota,yellow_perch,Standard Survey,,"Standard gill nets, set shallow in stratified assessment",,,601-1500,6,10,3,,
adult_abundance,Illinois,northern_pike,Community Sample,,Boat electrofishing DC -- Wisconsin (Night),,,,,,,,
adult_abundance,Illinois,northern_pike,Community Sample,,Trap net 0.5 in bar mesh,,,,,,,,
adult_abundance,Illinois,northern_pike,Community Sample,,Trap net 1 in bar mesh,,,,,,,,
adult_abundance,Illinois,northern_pike,Community Sample,,Trap net 1.5 in bar mesh,,,,,,,,
adult_abundance,Illinois,northern_pike,Targeted Species,,Boat electrofishing AC,,,,,,,,
adult_abundance,Illinois,northern_pike,Targeted Species,,Boat electrofishing AC (Night),,,,,,,,
adult_abundance,Illinois,northern_pike,Targeted Species,,Boat electrofishing DC -- Smith Root,,,,,,,,
adult_abundance,Illinois,northern_pike,Targeted Species,,Boat electrofishing DC -- Smith Root (Night),,,,,,,,
adult_abundance,Illinois,northern_pike,Targeted Species,,Boat electrofishing DC - Unspecified Manufacturer,,,,,,,,
adult_abundance,Illinois,northern_pike,Targeted Species,,Boat electrofishing DC -- Wisconsin,,,,,,,,
adult_abundance,Illinois,northern_pike,Targeted Species,,Boat electrofishing DC -- Wisconsin (Night),,,,,,,,
adult_abundance,Illinois,northern_pike,Targeted Species,,Trap net 0.5 in bar mesh,,,,,,,,
adult_abundance,Illinois,northern_pike,Targeted Species,,Trap net 1 in bar mesh,,,,,,,,
adult_abundance,Illinois,northern_pike,Targeted Species,,Trap net 1.5 in bar mesh,,,,,,,,
adult_abundance,Illinois,smallmouth_bass,Community Sample,,Boat electrofishing AC,,,,,,,,
adult_abundance,Illinois,smallmouth_bass,Community Sample,,Boat electrofishing AC (Night),,,,,,,,
adult_abundance,Illinois,smallmouth_bass,Community Sample,,Boat electrofishing DC -- Smith Root,,,,,,,,
adult_abundance,Illinois,smallmouth_bass,Community Sample,,Boat electrofishing DC -- Smith Root (Night),,,,,,,,
adult_abundance,Illinois,smallmouth_bass,Community Sample,,Boat electrofishing DC - Unspecified Manufacturer,,,,,,,,
adult_abundance,Illinois,smallmouth_bass,Community Sample,,Boat electrofishing DC -- Wisconsin,,,,,,,,
adult_abundance,Illinois,smallmouth_bass,Community Sample,,Boat electrofishing DC -- Wisconsin (Night),,,,,,,,
adult_abundance,Illinois,smallmouth_bass,Targeted Species,,Boat electrofishing AC,,,,,,,,
adult_abundance,Illinois,smallmouth_bass,Targeted Species,,Boat electrofishing AC (Night),,,,,,,,
adult_abundance,Illinois,smallmouth_bass,Targeted Species,,Boat electrofishing DC -- Smith Root,,,,,,,,
adult_abundance,Illinois,smallmouth_bass,Targeted Species,,Boat electrofishing DC -- Smith Root (Night),,,,,,,,
adult_abundance,Illinois,smallmouth_bass,Targeted Species,,Boat electrofishing DC - Unspecified Manufacturer,,,,,,,,
adult_abundance,Illinois,smallmouth_bass,Targeted Species,,Boat electrofishing DC -- Wisconsin,,,,,,,,
adult_abundance,Illinois,smallmouth_bass,Targeted Species,,Boat electrofishing DC -- Wisconsin (Night),,,,,,,,
adult_abundance,Illinois,walleye,Community Sample,,Boat electrofishing AC,,,,,,,,
adult_abundance,Illinois,walleye,Community Sample,,Boat electrofishing AC (Night),,,,,,,,
adult_abundance,Illinois,walleye,Community Sample,,Boat electrofishing DC -- Smith Root,,,,,,,,
adult_abundance,Illinois,walleye,Community Sample,,Boat electrofishing DC -- Smith Root (Night),,,,,,,,
adult_abundance,Illinois,walleye,Community Sample,,Boat electrofishing DC - Unspecified Manufacturer,,,,,,,,
adult_abundance,Illinois,walleye,Community Sample,,Boat electrofishing DC -- Wisconsin,,,,,,,,
adult_abundance,Illinois,walleye,Community Sample,,Boat electrofishing DC -- Wisconsin (Night),,,,,,,,
adult_abundance,Illinois,walleye,Community Sample,,Gill net - 125 ft experimental,,,,,,,,
adult_abundance,Illinois,walleye,Community Sample,,Gill net - 250 ft experimental,,,,,,,,
adult_abundance,Illinois,walleye,Community Sample,,Trap net 0.5 in bar mesh,,,,,,,,
adult_abundance,Illinois,walleye,Community Sample,,Trap net 1 in bar mesh,,,,,,,,
adult_abundance,Illinois,walleye,Community Sample,,Trap net 1.5 in bar mesh,,,,,,,,
adult_abundance,Illinois,walleye,Targeted Species,,Boat electrofishing AC,,,,,,,,
adult_abundance,Illinois,walleye,Targeted Species,,Boat electrofishing AC (Night),,,,,,,,
adult_abundance,Illinois,walleye,Targeted Species,,Boat electrofishing DC -- Smith Root,,,,,,,,
adult_abundance,Illinois,walleye,Targeted Species,,Boat electrofishing DC -- Smith Root (Night),,,,,,,,
adult_abundance,Illinois,walleye,Targeted Species,,Boat electrofishing DC - Unspecified Manufacturer,,,,,,,,
adult_abundance,Illinois,walleye,Targeted Species,,Boat electrofishing DC -- Wisconsin,,,,,,,,
adult_abundance,Illinois,walleye,Targeted Species,,Boat electrofishing DC -- Wisconsin (Night),,,,,,,,
adult_abundance,Illinois,walleye,Targeted Species,,Gill net - 125 ft experimental,,,,,,,,
adult_abundance,Illinois,walleye,Targeted Species,,Gill net - 250 ft experimental,,,,,,,,
adult_abundance,Illinois,walleye,Targeted Species,,Trap net 0.5 in bar mesh,,,,,,,55,70
adult_abundance,Illinois,walleye,Targeted Species,,Trap net 1 in bar mesh,,,,,,,,
adult_abundance,Illinois,walleye,Targeted Species,,Trap net 1.5 in bar mesh,,,,,,,,
adult_abundance,Illinois,yellow_perch,Community Sample,,Boat electrofishing AC,,,,,,,,
adult_abundance,Illinois,yellow_perch,Community Sample,,Boat electrofishing AC (Night),,,,,,,,
adult_abundance,Illinois,yellow_perch,Community Sample,,Boat electrofishing AC (Night),,,,,,,,
adult_abundance,Illinois,yellow_perch,Community Sample,,Boat electrofishing DC -- Smith Root,,,,,,,,
adult_abundance,Illinois,yellow_perch,Community Sample,,Boat electrofishing DC -- Smith Root (Night),,,,,,,,
adult_abundance,Illinois,yellow_perch,Community Sample,,Boat electrofishing DC - Unspecified Manufacturer,,,,,,,,
adult_abundance,Illinois,yellow_perch,Community Sample,,Boat electrofishing DC -- Wisconsin,,,,,,,,
adult_abundance,Illinois,yellow_perch,Community Sample,,Boat electrofishing DC -- Wisconsin (Night),,,,,,,,
adult_abundance,Illinois,yellow_perch,Targeted Species,,Boat electrofishing AC,,,,,,,,
adult_abundance,Illinois,yellow_perch,Targeted Species,,Boat electrofishing AC (Night),,,,,,,,
adult_abundance,Illinois,yellow_perch,Targeted Species,,Boat electrofishing AC (Night),,,,,,,,
adult_abundance,Illinois,yellow_perch,Targeted Species,,Boat electrofishing DC -- Smith Root,,,,,,,,
adult_abundance,Illinois,yellow_perch,Targeted Species,,Boat electrofishing DC -- Smith Root (Night),,,,,,,,
adult_abundance,Illinois,yellow_perch,Targeted Species,,Boat electrofishing DC - Unspecified Manufacturer,,,,,,,,
adult_abundance,Illinois,yellow_perch,Targeted Species,,Boat electrofishing DC -- Wisconsin,,,,,,,,
adult_abundance,Illinois,yellow_perch,Targeted Species,,Boat electrofishing DC -- Wisconsin (Night),,,,,,,,
adult_abundance,Wisconsin,smallmouth_bass,,cpe,boom_shocker,,,,8,11,30,,
adult_abundance,Wisconsin,smallmouth_bass,,cpe,boom_shocker,,,,4,6,30,,
adult_abundance,Wisconsin,smallmouth_bass,,cpe,fyke_net,,,,4,6,2,,
